Workbook

Sheet PSO
A1: algorithm | B1: instance_id | C1: cnf_file | D1: run | E1: seed | F1: num_vars | G1: num_clauses | H1: num_particles | I1: num_informants | J1: max_evaluations | K1: evaluations_used | L1: best_fitness_satisfied
A2: PSO | B2: 1 | C2: ../cnf_files/uf20-01.cnf | D2: 0 | E2: 0 | F2: 20 | G2: 91 | H2: 30 | I2: 6 | J2: 1000000 | K2: 1000000 | L2: 89
A3: PSO | B3: 1 | C3: ../cnf_files/uf20-01.cnf | D3: 1 | E3: 1 | F3: 20 | G3: 91 | H3: 30 | I3: 6 | J3: 1000000 | K3: 36300 | L3: 91
A4: PSO | B4: 1 | C4: ../cnf_files/uf20-01.cnf | D4: 2 | E4: 2 | F4: 20 | G4: 91 | H4: 30 | I4: 6 | J4: 1000000 | K4: 1000000 | L4: 90
A5: PSO | B5: 1 | C5: ../cnf_files/uf20-01.cnf | D5: 3 | E5: 3 | F5: 20 | G5: 91 | H5: 30 | I5: 6 | J5: 1000000 | K5: 1000000 | L5: 90
A6: PSO | B6: 1 | C6: ../cnf_files/uf20-01.cnf | D6: 4 | E6: 4 | F6: 20 | G6: 91 | H6: 30 | I6: 6 | J6: 1000000 | K6: 1530 | L6: 91
A7: PSO | B7: 1 | C7: ../cnf_files/uf20-01.cnf | D7: 5 | E7: 5 | F7: 20 | G7: 91 | H7: 30 | I7: 6 | J7: 1000000 | K7: 1000000 | L7: 89
A8: PSO | B8: 1 | C8: ../cnf_files/uf20-01.cnf | D8: 6 | E8: 6 | F8: 20 | G8: 91 | H8: 30 | I8: 6 | J8: 1000000 | K8: 480 | L8: 91
A9: PSO | B9: 1 | C9: ../cnf_files/uf20-01.cnf | D9: 7 | E9: 7 | F9: 20 | G9: 91 | H9: 30 | I9: 6 | J9: 1000000 | K9: 1000000 | L9: 89
A10: PSO | B10: 1 | C10: ../cnf_files/uf20-01.cnf | D10: 8 | E10: 8 | F10: 20 | G10: 91 | H10: 30 | I10: 6 | J10: 1000000 | K10: 1000000 | L10: 90
A11: PSO | B11: 1 | C11: ../cnf_files/uf20-01.cnf | D11: 9 | E11: 9 | F11: 20 | G11: 91 | H11: 30 | I11: 6 | J11: 1000000 | K11: 180 | L11: 91
A12: PSO | B12: 1 | C12: ../cnf_files/uf20-01.cnf | D12: 10 | E12: 10 | F12: 20 | G12: 91 | H12: 30 | I12: 6 | J12: 1000000 | K12: 1000000 | L12: 90
A13: PSO | B13: 1 | C13: ../cnf_files/uf20-01.cnf | D13: 11 | E13: 11 | F13: 20 | G13: 91 | H13: 30 | I13: 6 | J13: 1000000 | K13: 1000000 | L13: 90
... A91: PSO | B91: 3 | C91: ../cnf_files/uf250-01.cnf | D91: 29 | E91: 29 | F91: 250 | G91: 1065 | H91: 350 | I91: 6 | J91: 1000000 | K91: 1000000 | L91: 1035

Sheet SA
A1: instance_id | B1: cnf_file | C1: run | D1: seed | E1: num_vars | F1: num_clauses | G1: best_energy_unsatisfied | H1: best_fitness_satisfied | I1: evaluations_used
A2: 1 | B2: ../cnf_files/uf20-01.cnf | C2: 0 | D2: 0 | E2: 20 | F2: 91 | G2: 0 | H2: 91 | I2: 535
A3: 1 | B3: ../cnf_files/uf20-01.cnf | C3: 1 | D3: 1 | E3: 20 | F3: 91 | G3: 0 | H3: 91 | I3: 1442
A4: 1 | B4: ../cnf_files/uf20-01.cnf | C4: 2 | D4: 2 | E4: 20 | F4: 91 | G4: 0 | H4: 91 | I4: 1908
A5: 1 | B5: ../cnf_files/uf20-01.cnf | C5: 3 | D5: 3 | E5: 20 | F5: 91 | G5: 0 | H5: 91 | I5: 4450
A6: 1 | B6: ../cnf_files/uf20-01.cnf | C6: 4 | D6: 4 | E6: 20 | F6: 91 | G6: 0 | H6: 91 | I6: 316
A7: 1 | B7: ../cnf_files/uf20-01.cnf | C7: 5 | D7: 5 | E7: 20 | F7: 91 | G7: 0 | H7: 91 | I7: 250
A8: 1 | B8: ../cnf_files/uf20-01.cnf | C8: 6 | D8: 6 | E8: 20 | F8: 91 | G8: 0 | H8: 91 | I8: 1715
A9: 1 | B9: ../cnf_files/uf20-01.cnf | C9: 7 | D9: 7 | E9: 20 | F9: 91 | G9: 0 | H9: 91 | I9: 960
A10: 1 | B10: ../cnf_files/uf20-01.cnf | C10: 8 | D10: 8 | E10: 20 | F10: 91 | G10: 0 | H10: 91 | I10: 274
A11: 1 | B11: ../cnf_files/uf20-01.cnf | C11: 9 | D11: 9 | E11: 20 | F11: 91 | G11: 0 | H11: 91 | I11: 3358
A12: 1 | B12: ../cnf_files/uf20-01.cnf | C12: 10 | D12: 10 | E12: 20 | F12: 91 | G12: 0 | H12: 91 | I12: 1725
A13: 1 | B13: ../cnf_files/uf20-01.cnf | C13: 11 | D13: 11 | E13: 20 | F13: 91 | G13: 0 | H13: 91 | I13: 177
... A91: 3 | B91: ../cnf_files/uf250-01.cnf | C91: 29 | D91: 29 | E91: 250 | F91: 1065 | G91: 0 | H91: 1065 | I91: 249508

Sheet NAHC
A1: algorithm | B1: instance_id | C1: cnf_file | D1: run | E1: seed | F1: num_vars | G1: num_clauses | H1: max_evaluations | I1: evaluations_used | J1: best_fitness_satisfied | K1: max_k
A2: NAHC | B2: 1 | C2: ../cnf_files/uf20-01.cnf | D2: 0 | E2: 0 | F2: 20 | G2: 91 | H2: 1000000 | I2: 61 | J2: 88
A3: NAHC | B3: 1 | C3: ../cnf_files/uf20-01.cnf | D3: 1 | E3: 1 | F3: 20 | G3: 91 | H3: 1000000 | I3: 58 | J3: 89
A4: NAHC | B4: 1 | C4: ../cnf_files/uf20-01.cnf | D4: 2 | E4: 2 | F4: 20 | G4: 91 | H4: 1000000 | I4: 63 | J4: 89
A5: NAHC | B5: 1 | C5: ../cnf_files/uf20-01.cnf | D5: 3 | E5: 3 | F5: 20 | G5: 91 | H5: 1000000 | I5: 70 | J5: 89
A6: NAHC | B6: 1 | C6: ../cnf_files/uf20-01.cnf | D6: 4 | E6: 4 | F6: 20 | G6: 91 | H6: 1000000 | I6: 50 | J6: 90
A7: NAHC | B7: 1 | C7: ../cnf_files/uf20-01.cnf | D7: 5 | E7: 5 | F7: 20 | G7: 91 | H7: 1000000 | I7: 59 | J7: 90
A8: NAHC | B8: 1 | C8: ../cnf_files/uf20-01.cnf | D8: 6 | E8: 6 | F8: 20 | G8: 91 | H8: 1000000 | I8: 46 | J8: 89
A9: NAHC | B9: 1 | C9: ../cnf_files/uf20-01.cnf | D9: 7 | E9: 7 | F9: 20 | G9: 91 | H9: 1000000 | I9: 49 | J9: 88
A10: NAHC | B10: 1 | C10: ../cnf_files/uf20-01.cnf | D10: 8 | E10: 8 | F10: 20 | G10: 91 | H10: 1000000 | I10: 56 | J10: 90
A11: NAHC | B11: 1 | C11: ../cnf_files/uf20-01.cnf | D11: 9 | E11: 9 | F11: 20 | G11: 91 | H11: 1000000 | I11: 53 | J11: 89
A12: NAHC | B12: 1 | C12: ../cnf_files/uf20-01.cnf | D12: 10 | E12: 10 | F12: 20 | G12: 91 | H12: 1000000 | I12: 50 | J12: 88
A13: NAHC | B13: 1 | C13: ../cnf_files/uf20-01.cnf | D13: 11 | E13: 11 | F13: 20 | G13: 91 | H13: 1000000 | I13: 61 | J13: 90
... A91: NAHC | B91: 3 | C91: ../cnf_files/uf250-01.cnf | D91: 29 | E91: 29 | F91: 250 | G91: 1065 | H91: 1000000 | I91: 1206 | J91: 1035

Sheet MS_NAHC
A1: algorithm | B1: instance_id | C1: cnf_file | D1: run | E1: seed | F1: num_vars | G1: num_clauses | H1: max_evaluations | I1: evaluations_used | J1: best_fitness_satisfied | K1: max_k
A2: MS_NAHC | B2: 1 | C2: ../cnf_files/uf20-01.cnf | D2: 0 | E2: 0 | F2: 20 | G2: 91 | H2: 1000000 | I2: 403 | J2: 91
A3: MS_NAHC | B3: 1 | C3: ../cnf_files/uf20-01.cnf | D3: 1 | E3: 1 | F3: 20 | G3: 91 | H3: 1000000 | I3: 307 | J3: 91
A4: MS_NAHC | B4: 1 | C4: ../cnf_files/uf20-01.cnf | D4: 2 | E4: 2 | F4: 20 | G4: 91 | H4: 1000000 | I4: 536 | J4: 91
A5: MS_NAHC | B5: 1 | C5: ../cnf_files/uf20-01.cnf | D5: 3 | E5: 3 | F5: 20 | G5: 91 | H5: 1000000 | I5: 1193 | J5: 91
A6: MS_NAHC | B6: 1 | C6: ../cnf_files/uf20-01.cnf | D6: 4 | E6: 4 | F6: 20 | G6: 91 | H6: 1000000 | I6: 218 | J6: 91
A7: MS_NAHC | B7: 1 | C7: ../cnf_files/uf20-01.cnf | D7: 5 | E7: 5 | F7: 20 | G7: 91 | H7: 1000000 | I7: 303 | J7: 91
A8: MS_NAHC | B8: 1 | C8: ../cnf_files/uf20-01.cnf | D8: 6 | E8: 6 | F8: 20 | G8: 91 | H8: 1000000 | I8: 807 | J8: 91
A9: MS_NAHC | B9: 1 | C9: ../cnf_files/uf20-01.cnf | D9: 7 | E9: 7 | F9: 20 | G9: 91 | H9: 1000000 | I9: 516 | J9: 91
A10: MS_NAHC | B10: 1 | C10: ../cnf_files/uf20-01.cnf | D10: 8 | E10: 8 | F10: 20 | G10: 91 | H10: 1000000 | I10: 1493 | J10: 91
A11: MS_NAHC | B11: 1 | C11: ../cnf_files/uf20-01.cnf | D11: 9 | E11: 9 | F11: 20 | G11: 91 | H11: 1000000 | I11: 433 | J11: 91
A12: MS_NAHC | B12: 1 | C12: ../cnf_files/uf20-01.cnf | D12: 10 | E12: 10 | F12: 20 | G12: 91 | H12: 1000000 | I12: 77 | J12: 91
A13: MS_NAHC | B13: 1 | C13: ../cnf_files/uf20-01.cnf | D13: 11 | E13: 11 | F13: 20 | G13: 91 | H13: 1000000 | I13: 86 | J13: 91
... A91: MS_NAHC | B91: 3 | C91: ../cnf_files/uf250-01.cnf | D91: 29 | E91: 29 | F91: 250 | G91: 1065 | H91: 1000000 | I91: 1000000 | J91: 1055

Sheet VNH
A1: algorithm | B1: instance_id | C1: cnf_file | D1: run | E1: seed | F1: num_vars | G1: num_clauses | H1: max_evaluations | I1: evaluations_used | J1: best_fitness_satisfied | K1: max_k
A2: VNH | B2: 1 | C2: ../cnf_files/uf20-01.cnf | D2: 0 | E2: 0 | F2: 20 | G2: 91 | H2: 1000000 | I2: 310 | J2: 91 | K2: 3
A3: VNH | B3: 1 | C3: ../cnf_files/uf20-01.cnf | D3: 1 | E3: 1 | F3: 20 | G3: 91 | H3: 1000000 | I3: 1409 | J3: 90 | K3: 3
A4: VNH | B4: 1 | C4: ../cnf_files/uf20-01.cnf | D4: 2 | E4: 2 | F4: 20 | G4: 91 | H4: 1000000 | I4: 1622 | J4: 89 | K4: 3
A5: VNH | B5: 1 | C5: ../cnf_files/uf20-01.cnf | D5: 3 | E5: 3 | F5: 20 | G5: 91 | H5: 1000000 | I5: 1409 | J5: 90 | K5: 3
A6: VNH | B6: 1 | C6: ../cnf_files/uf20-01.cnf | D6: 4 | E6: 4 | F6: 20 | G6: 91 | H6: 1000000 | I6: 1416 | J6: 90 | K6: 3
A7: VNH | B7: 1 | C7: ../cnf_files/uf20-01.cnf | D7: 5 | E7: 5 | F7: 20 | G7: 91 | H7: 1000000 | I7: 1396 | J7: 90 | K7: 3
A8: VNH | B8: 1 | C8: ../cnf_files/uf20-01.cnf | D8: 6 | E8: 6 | F8: 20 | G8: 91 | H8: 1000000 | I8: 237 | J8: 91 | K8: 3
A9: VNH | B9: 1 | C9: ../cnf_files/uf20-01.cnf | D9: 7 | E9: 7 | F9: 20 | G9: 91 | H9: 1000000 | I9: 821 | J9: 91 | K9: 3
A10: VNH | B10: 1 | C10: ../cnf_files/uf20-01.cnf | D10: 8 | E10: 8 | F10: 20 | G10: 91 | H10: 1000000 | I10: 122 | J10: 91 | K10: 3
A11: VNH | B11: 1 | C11: ../cnf_files/uf20-01.cnf | D11: 9 | E11: 9 | F11: 20 | G11: 91 | H11: 1000000 | I11: 1499 | J11: 91 | K11: 3
A12: VNH | B12: 1 | C12: ../cnf_files/uf20-01.cnf | D12: 10 | E12: 10 | F12: 20 | G12: 91 | H12: 1000000 | I12: 227 | J12: 91 | K12: 3
A13: VNH | B13: 1 | C13: ../cnf_files/uf20-01.cnf | D13: 11 | E13: 11 | F13: 20 | G13: 91 | H13: 1000000 | I13: 1390 | J13: 91 | K13: 3
... A91: VNH | B91: 3 | C91: ../cnf_files/uf250-01.cnf | D91: 29 | E91: 29 | F91: 250 | G91: 1065 | H91: 1000000 | I91: 2245368 | J91: 1049 | K91: 3

Sheet MS_VNH
A1: algorithm | B1: instance_id | C1: cnf_file | D1: run | E1: seed | F1: num_vars | G1: num_clauses | H1: max_evaluations | I1: evaluations_used | J1: best_fitness_satisfied | K1: max_k
A2: MS_VNH | B2: 1 | C2: ../cnf_files/uf20-01.cnf | D2: 0 | E2: 0 | F2: 20 | G2: 91 | H2: 1000000 | I2: 1660 | J2: 91 | K2: 3
A3: MS_VNH | B3: 1 | C3: ../cnf_files/uf20-01.cnf | D3: 1 | E3: 1 | F3: 20 | G3: 91 | H3: 1000000 | I3: 4415 | J3: 91 | K3: 3
A4: MS_VNH | B4: 1 | C4: ../cnf_files/uf20-01.cnf | D4: 2 | E4: 2 | F4: 20 | G4: 91 | H4: 1000000 | I4: 7310 | J4: 91 | K4: 3
A5: MS_VNH | B5: 1 | C5: ../cnf_files/uf20-01.cnf | D5: 3 | E5: 3 | F5: 20 | G5: 91 | H5: 1000000 | I5: 2984 | J5: 91 | K5: 3
A6: MS_VNH | B6: 1 | C6: ../cnf_files/uf20-01.cnf | D6: 4 | E6: 4 | F6: 20 | G6: 91 | H6: 1000000 | I6: 2904 | J6: 91 | K6: 3
A7: MS_VNH | B7: 1 | C7: ../cnf_files/uf20-01.cnf | D7: 5 | E7: 5 | F7: 20 | G7: 91 | H7: 1000000 | I7: 2974 | J7: 91 | K7: 3
A8: MS_VNH | B8: 1 | C8: ../cnf_files/uf20-01.cnf | D8: 6 | E8: 6 | F8: 20 | G8: 91 | H8: 1000000 | I8: 1587 | J8: 91 | K8: 3
A9: MS_VNH | B9: 1 | C9: ../cnf_files/uf20-01.cnf | D9: 7 | E9: 7 | F9: 20 | G9: 91 | H9: 1000000 | I9: 2171 | J9: 91 | K9: 3
A10: MS_VNH | B10: 1 | C10: ../cnf_files/uf20-01.cnf | D10: 8 | E10: 8 | F10: 20 | G10: 91 | H10: 1000000 | I10: 1472 | J10: 91 | K10: 3
A11: MS_VNH | B11: 1 | C11: ../cnf_files/uf20-01.cnf | D11: 9 | E11: 9 | F11: 20 | G11: 91 | H11: 1000000 | I11: 2849 | J11: 91 | K11: 3
A12: MS_VNH | B12: 1 | C12: ../cnf_files/uf20-01.cnf | D12: 10 | E12: 10 | F12: 20 | G12: 91 | H12: 1000000 | I12: 1577 | J12: 91 | K12: 3
A13: MS_VNH | B13: 1 | C13: ../cnf_files/uf20-01.cnf | D13: 11 | E13: 11 | F13: 20 | G13: 91 | H13: 1000000 | I13: 2740 | J13: 91 | K13: 3
... A91: MS_VNH | B91: 3 | C91: ../cnf_files/uf250-01.cnf | D91: 29 | E91: 29 | F91: 250 | G91: 1065 | H91: 1000000 | I91: 1000000 | J91: 1048 | K91: 3

Sheet TESTS
B1: PARTICLE SWARM OPTIMISATION | M1: PARTICLE SWARM OPTIMISATION
B2: Algorithm | C2: CNF_FILE | D2: Average Fitness (30 Runs) | E2: Standard Deviation | F2: Minimum | G2: Q1 Quartile | H2: Median | I2: Q3 Quartile | J2: Maximum | M2: Algorithm | N2: CNF_FILE | O2: Average Evaluations (30 Runs) | P2: Standard Deviation | Q2: Minimum | R2: Q1 Quartile | S2: Median | T2: Q3 Quartile | U2: Maximum
B3: PSO | C3: UF20 | D3: =AVERAGE(PSO!L2:L31) -> 90.133333 | E3: =_xlfn.STDEV.P(PSO!L2:L31) -> 0.71802197 | F3: =MIN(PSO!L2:L31) -> 89 | G3: =_xlfn.QUARTILE.INC(PSO!L2:L31, 1) -> 90 | H3: =MEDIAN(PSO!L2:L31) -> 90 | I3: =_xlfn.QUARTILE.INC(PSO!L2:L31, 3) -> 91 | J3: =MAX(PSO!L2:L31) -> 91 | M3: PSO | N3: UF20 | O3: =AVERAGE(PSO!K2:K31) -> 669803.67 | P3: =_xlfn.STDEV.P(PSO!K2:K31) -> 467047.65 | Q3: =MIN(PSO!K2:K31) -> 90 | R3: =_xlfn.QUARTILE.INC(PSO!K2:K31, 1) -> 13327.5 | S3: =MEDIAN(PSO!K2:K31) -> 1000000 | T3: =_xlfn.QUARTILE.INC(PSO!K2:K31, 3) -> 1000000 | U3: =MAX(PSO!K2:K31) -> 1000000
B4: PSO | C4: UF100 | D4: =AVERAGE(PSO!L32:L61) -> 420.66667 | E4: =_xlfn.STDEV.P(PSO!L32:L61) -> 3.5433819 | F4: =MIN(PSO!L32:L61) -> 409 | G4: =_xlfn.QUARTILE.INC(PSO!L32:L61, 1) -> 418.25 | H4: =MEDIAN(PSO!L32:L61) -> 421.5 | I4: =_xlfn.QUARTILE.INC(PSO!L32:L61, 3) -> 423 | J4: =MAX(PSO!L32:L61) -> 425 | M4: PSO | N4: UF100 | O4: =AVERAGE(PSO!K32:K61) -> 1000000 | P4: =_xlfn.STDEV.P(PSO!K32:K61) -> 0 | Q4: =MIN(PSO!K32:K61) -> 1000000 | R4: =_xlfn.QUARTILE.INC(PSO!K32:K61, 1) -> 1000000 | S4: =MEDIAN(PSO!K32:K61) -> 1000000 | T4: =_xlfn.QUARTILE.INC(PSO!K32:K61, 3) -> 1000000 | U4: =MAX(PSO!K32:K61) -> 1000000
B5: PSO | C5: UF250 | D5: =AVERAGE(PSO!L62:L91) -> 1040.5333 | E5: =_xlfn.STDEV.P(PSO!L62:L91) -> 5.0644732 | F5: =MIN(PSO!L62:L91) -> 1030 | G5: =_xlfn.QUARTILE.INC(PSO!L62:L91, 1) -> 1038 | H5: =MEDIAN(PSO!L62:L91) -> 1041 | I5: =_xlfn.QUARTILE.INC(PSO!L62:L91, 3) -> 1044 | J5: =MAX(PSO!L62:L91) -> 1049 | M5: PSO | N5: UF250 | O5: =AVERAGE(PSO!K62:K91) -> 1000000 | P5: =_xlfn.STDEV.P(PSO!K62:K91) -> 0 | Q5: =MIN(PSO!K62:K91) -> 1000000 | R5: =_xlfn.QUARTILE.INC(PSO!K62:K91, 1) -> 1000000 | S5: =MEDIAN(PSO!K62:K91) -> 1000000 | T5: =_xlfn.QUARTILE.INC(PSO!K62:K91, 3) -> 1000000 | U5: =MAX(PSO!K62:K91) -> 1000000
B9: SIMULATED ANNEALING | M9: SIMULATED ANNEALING
B10: Algorithm | C10: CNF_FILE | D10: Average Fitness (30 Runs) | E10: Standard Deviation | F10: Minimum | G10: Q1 Quartile | H10: Median | I10: Q3 Quartile | J10: Maximum | M10: Algorithm | N10: CNF_FILE | O10: Average Evaluations (30 Runs) | P10: Standard Deviation | Q10: Minimum | R10: Q1 Quartile | S10: Median | T10: Q3 Quartile | U10: Maximum
B11: SA | C11: UF20 | D11: =AVERAGE(SA!H2:H31) -> 91 | E11: =_xlfn.STDEV.P(SA!H2:H31) -> 0 | F11: =MIN(SA!H2:H31) -> 91 | G11: =_xlfn.QUARTILE.INC(SA!H2:H31,1) -> 91 | H11: =MEDIAN(SA!H2:H31) -> 91 | I11: =_xlfn.QUARTILE.INC(SA!H2:H31, 3) -> 91 | J11: =MAX(SA!H2:H31) -> 91 | M11: SA | N11: UF20 | O11: =AVERAGE(SA!I2:I31) -> 1366.0667 | P11: =_xlfn.STDEV.P(SA!I2:I31) -> 1131.5374 | Q11: =MIN(SA!I2:I31) -> 88 | R11: =_xlfn.QUARTILE.INC(SA!I2:I31,1) -> 325.25 | S11: =MEDIAN(SA!I2:I31) -> 1105 | T11: =_xlfn.QUARTILE.INC(SA!I2:I31, 3) -> 2052.75 | U11: =MAX(SA!I2:I31) -> 4450
B12: SA | C12: UF100 | D12: =AVERAGE(SA!H32:H61) -> 429.8 | E12: =_xlfn.STDEV.P(SA!H32:H61) -> 0.4 | F12: =MIN(SA!H32:H61) -> 429 | G12: =_xlfn.QUARTILE.INC(SA!H32:H61, 1) -> 430 | H12: =MEDIAN(SA!H32:H61) -> 430 | I12: =_xlfn.QUARTILE.INC(SA!H32:H61, 3) -> 430 | J12: =MAX(SA!H32:H61) -> 430 | M12: SA | N12: UF100 | O12: =AVERAGE(SA!I32:I61) -> 340740.93 | P12: =_xlfn.STDEV.P(SA!I32:I61) -> 331359.62 | Q12: =MIN(SA!I32:I61) -> 118141 | R12: =_xlfn.QUARTILE.INC(SA!I32:I61, 1) -> 152437.5 | S12: =MEDIAN(SA!I32:I61) -> 179716 | T12: =_xlfn.QUARTILE.INC(SA!I32:I61, 3) -> 233340 | U12: =MAX(SA!I32:I61) -> 1000000
B13: SA | C13: UF250 | D13: =AVERAGE(SA!H62:H91) -> 1064.6333 | E13: =_xlfn.STDEV.P(SA!H62:H91) -> 0.48189441 | F13: =MIN(SA!H62:H91) -> 1064 | G13: =_xlfn.QUARTILE.INC(SA!H62:H91, 1) -> 1064 | H13: =MEDIAN(SA!H62:H91) -> 1065 | I13: =_xlfn.QUARTILE.INC(SA!H62:H91, 3) -> 1065 | J13: =MAX(SA!H62:H91) -> 1065 | M13: SA | N13: UF250 | O13: =AVERAGE(SA!I62:I91) -> 665797.73 | P13: =_xlfn.STDEV.P(SA!I62:I91) -> 314728.64 | Q13: =MIN(SA!I62:I91) -> 191784 | R13: =_xlfn.QUARTILE.INC(SA!I62:I91, 1) -> 347504.75 | S13: =MEDIAN(SA!I62:I91) -> 668558.5 | T13: =_xlfn.QUARTILE.INC(SA!I62:I91, 3) -> 1000000 | U13: =MAX(SA!I62:I91) -> 1000000
B18: NEXT ASCENT HILLCLIMBING | M18: NEXT ASCENT HILLCLIMBING
B19: Algorithm | C19: CNF_FILE | D19: Average Fitness (30 Runs) | E19: Standard Deviation | F19: Minimum | G19: Q1 Quartile | H19: Median | I19: Q3 Quartile | J19: Maximum | M19: Algorithm | N19: CNF_FILE | O19: Average Evaluations (30 Runs) | P19: Standard Deviation | Q19: Minimum | R19: Q1 Quartile | S19: Median | T19: Q3 Quartile | U19: Maximum
B20: NAHC | C20: UF20 | D20: =AVERAGE(NAHC!J2:J31) -> 88.833333 | E20: =_xlfn.STDEV.P(NAHC!J2:J31) -> 0.89752747 | F20: =MIN(NAHC!J2:J31) -> 87 | G20: =_xlfn.QUARTILE.INC(NAHC!J2:J31, 1) -> 88 | H20: =MEDIAN(NAHC!J2:J31) -> 89 | I20: =_xlfn.QUARTILE.INC(NAHC!J2:J31, 3) -> 89 | J20: =MAX(NAHC!J2:J31) -> 91 | M20: NAHC | N20: UF20 | O20: =AVERAGE(NAHC!I2:I31) -> 51.6 | P20: =_xlfn.STDEV.P(NAHC!I2:I31) -> 12.86753 | Q20: =MIN(NAHC!I2:I31) -> 27 | R20: =_xlfn.QUARTILE.INC(NAHC!I2:I31, 1) -> 41.25 | S20: =MEDIAN(NAHC!I2:I31) -> 51.5 | T20: =_xlfn.QUARTILE.INC(NAHC!I2:I31, 3) -> 61 | U20: =MAX(NAHC!I2:I31) -> 72
B21: NAHC | C21: UF100 | D21: =AVERAGE(NAHC!J32:J61) -> 418.9 | E21: =_xlfn.STDEV.P(NAHC!J32:J61) -> 2.7123176 | F21: =MIN(NAHC!J32:J61) -> 414 | G21: =_xlfn.QUARTILE.INC(NAHC!J32:J61, 1) -> 417.25 | H21: =MEDIAN(NAHC!J32:J61) -> 419 | I21: =_xlfn.QUARTILE.INC(NAHC!J32:J61, 3) -> 420.75 | J21: =MAX(NAHC!J32:J61) -> 423 | M21: NAHC | N21: UF100 | O21: =AVERAGE(NAHC!I32:I61) -> 436.63333 | P21: =_xlfn.STDEV.P(NAHC!I32:I61) -> 87.924393 | Q21: =MIN(NAHC!I32:I61) -> 294 | R21: =_xlfn.QUARTILE.INC(NAHC!I32:I61, 1) -> 375.75 | S21: =MEDIAN(NAHC!I32:I61) -> 436 | T21: =_xlfn.QUARTILE.INC(NAHC!I32:I61, 3) -> 474 | U21: =MAX(NAHC!I32:I61) -> 676
B22: NAHC | C22: UF250 | D22: =AVERAGE(NAHC!J62:J91) -> 1041.8 | E22: =_xlfn.STDEV.P(NAHC!J62:J91) -> 4.650448 | F22: =MIN(NAHC!J62:J91) -> 1032 | G22: =_xlfn.QUARTILE.INC(NAHC!J62:J91, 1) -> 1038.25 | H22: =MEDIAN(NAHC!J62:J91) -> 1041.5 | I22: =_xlfn.QUARTILE.INC(NAHC!J62:J91, 3) -> 1045.75 | J22: =MAX(NAHC!J62:J91) -> 1050 | M22: NAHC | N22: UF250 | O22: =AVERAGE(NAHC!I62:I91) -> 1253.5333 | P22: =_xlfn.STDEV.P(NAHC!I62:I91) -> 155.00059 | Q22: =MIN(NAHC!I62:I91) -> 893 | R22: =_xlfn.QUARTILE.INC(NAHC!I62:I91, 1) -> 1150 | S22: =MEDIAN(NAHC!I62:I91) -> 1236 | T22: =_xlfn.QUARTILE.INC(NAHC!I62:I91, 3) -> 1373 | U22: =MAX(NAHC!I62:I91) -> 1547
B27: MULTISTART NEXT ASCENT HILLCLIMBING | M27: MULTISTART NEXT ASCENT HILLCLIMBING
B28: Algorithm | C28: CNF_FILE | D28: Average Fitness (30 Runs) | E28: Standard Deviation | F28: Minimum | G28: Q1 Quartile | H28: Median | I28: Q3 Quartile | J28: Maximum | M28: Algorithm | N28: CNF_FILE | O28: Average Evaluations (30 Runs) | P28: Standard Deviation | Q28: Minimum | R28: Q1 Quartile | S28: Median | T28: Q3 Quartile | U28: Maximum
B29: MS_NAHC | C29: UF20 | D29: =AVERAGE(MS_NAHC!J2:J31) -> 91 | E29: =_xlfn.STDEV.P(MS_NAHC!J2:J31) -> 0 | F29: =MIN(MS_NAHC!J2:J31) -> 91 | G29: =_xlfn.QUARTILE.INC(MS_NAHC!J2:J31, 1) -> 91 | H29: =MEDIAN(MS_NAHC!J2:J31) -> 91 | I29: =_xlfn.QUARTILE.INC(MS_NAHC!J2:J31, 3) -> 91 | J29: =MAX(MS_NAHC!J2:J31) -> 91 | M29: MS_NAHC | N29: UF20 | O29: =AVERAGE(MS_NAHC!I2:I31) -> 470.13333 | P29: =_xlfn.STDEV.P(MS_NAHC!I2:I31) -> 343.28246 | Q29: =MIN(MS_NAHC!I2:I31) -> 27 | R29: =_xlfn.QUARTILE.INC(MS_NAHC!I2:I31, 1) -> 195.5 | S29: =MEDIAN(MS_NAHC!I2:I31) -> 414 | T29: =_xlfn.QUARTILE.INC(MS_NAHC!I2:I31, 3) -> 629.5 | U29: =MAX(MS_NAHC!I2:I31) -> 1493
B30: MS_NAHC | C30: UF100 | D30: =AVERAGE(MS_NAHC!J32:J61) -> 427.53333 | E30: =_xlfn.STDEV.P(MS_NAHC!J32:J61) -> 0.61824123 | F30: =MIN(MS_NAHC!J32:J61) -> 426 | G30: =_xlfn.QUARTILE.INC(MS_NAHC!J32:J61, 1) -> 427 | H30: =MEDIAN(MS_NAHC!J32:J61) -> 428 | I30: =_xlfn.QUARTILE.INC(MS_NAHC!J32:J61, 3) -> 428 | J30: =MAX(MS_NAHC!J32:J61) -> 429 | M30: MS_NAHC | N30: UF100 | O30: =AVERAGE(MS_NAHC!I32:I61) -> 1000000 | P30: =_xlfn.STDEV.P(MS_NAHC!I32:I61) -> 0 | Q30: =MIN(MS_NAHC!I32:I61) -> 1000000 | R30: =_xlfn.QUARTILE.INC(MS_NAHC!I32:I61, 1) -> 1000000 | S30: =MEDIAN(MS_NAHC!I32:I61) -> 1000000 | T30: =_xlfn.QUARTILE.INC(MS_NAHC!I32:I61, 3) -> 1000000 | U30: =MAX(MS_NAHC!I32:I61) -> 1000000
B31: MS_NAHC | C31: UF250 | D31: =AVERAGE(MS_NAHC!J62:J91) -> 1054.1667 | E31: =_xlfn.STDEV.P(MS_NAHC!J62:J91) -> 1.2405196 | F31: =MIN(MS_NAHC!J62:J91) -> 1052 | G31: =_xlfn.QUARTILE.INC(MS_NAHC!J62:J91, 1) -> 1053.25 | H31: =MEDIAN(MS_NAHC!J62:J91) -> 1054 | I31: =_xlfn.QUARTILE.INC(MS_NAHC!J62:J91, 3) -> 1055 | J31: =MAX(MS_NAHC!J62:J91) -> 1056 | M31: MS_NAHC | N31: UF250 | O31: =AVERAGE(MS_NAHC!I62:I91) -> 1000000 | P31: =_xlfn.STDEV.P(MS_NAHC!I62:I91) -> 0 | Q31: =MIN(MS_NAHC!I62:I91) -> 1000000 | R31: =_xlfn.QUARTILE.INC(MS_NAHC!I62:I91, 1) -> 1000000 | S31: =MEDIAN(MS_NAHC!I62:I91) -> 1000000 | T31: =_xlfn.QUARTILE.INC(MS_NAHC!I62:I91, 3) -> 1000000 | U31: =MAX(MS_NAHC!I62:I91) -> 1000000
B36: VARIABLE NEIGHBOURHOOD HILLCLIMBING | M36: VARIABLE NEIGHBOURHOOD HILLCLIMBING
B37: Algorithm | C37: CNF_FILE | D37: Average Fitness (30 Runs) | E37: Standard Deviation | F37: Minimum | G37: Q1 Quartile | H37: Median | I37: Q3 Quartile | J37: Maximum | M37: Algorithm | N37: CNF_FILE | O37: Average Fitness (30 Runs) | P37: Standard Deviation | Q37: Minimum | R37: Q1 Quartile | S37: Median | T37: Q3 Quartile | U37: Maximum
B38: VNH | C38: UF20 | D38: =AVERAGE(VNH!J2:J31) -> 90.233333 | E38: =_xlfn.STDEV.P(VNH!J2:J31) -> 0.76084748 | F38: =MIN(VNH!J2:J31) -> 89 | G38: =_xlfn.QUARTILE.INC(VNH!J2:J31, 1) -> 90 | H38: =MEDIAN(VNH!J2:J31) -> 90 | I38: =_xlfn.QUARTILE.INC(VNH!J2:J31, 3) -> 91 | J38: =MAX(VNH!J2:J31) -> 91 | M38: VNH | N38: UF20 | O38: =AVERAGE(VNH!I2:I31) -> 1142.5333 | P38: =_xlfn.STDEV.P(VNH!I2:I31) -> 708.30934 | Q38: =MIN(VNH!I2:I31) -> 105 | R38: =_xlfn.QUARTILE.INC(VNH!I2:I31, 1) -> 356.25 | S38: =MEDIAN(VNH!I2:I31) -> 1402.5 | T38: =_xlfn.QUARTILE.INC(VNH!I2:I31, 3) -> 1541 | U38: =MAX(VNH!I2:I31) -> 2693
B39: VNH | C39: UF100 | D39: =AVERAGE(VNH!J32:J61) -> 424.4 | E39: =_xlfn.STDEV.P(VNH!J32:J61) -> 2.5768197 | F39: =MIN(VNH!J32:J61) -> 418 | G39: =_xlfn.QUARTILE.INC(VNH!J32:J61, 1) -> 423.25 | H39: =MEDIAN(VNH!J32:J61) -> 425 | I39: =_xlfn.QUARTILE.INC(VNH!J32:J61, 3) -> 426 | J39: =MAX(VNH!J32:J61) -> 428 | M39: VNH | N39: UF100 | O39: =AVERAGE(VNH!I32:I61) -> 252472.47 | P39: =_xlfn.STDEV.P(VNH!I32:I61) -> 80417.648 | Q39: =MIN(VNH!I32:I61) -> 169185 | R39: =_xlfn.QUARTILE.INC(VNH!I32:I61, 1) -> 179006.25 | S39: =MEDIAN(VNH!I32:I61) -> 237066 | T39: =_xlfn.QUARTILE.INC(VNH!I32:I61, 3) -> 297619 | U39: =MAX(VNH!I32:I61) -> 460788
B40: VNH | C40: UF250 | D40: =AVERAGE(VNH!J62:J91) -> 1052.8333 | E40: =_xlfn.STDEV.P(VNH!J62:J91) -> 2.5571251 | F40: =MIN(VNH!J62:J91) -> 1048 | G40: =_xlfn.QUARTILE.INC(VNH!J62:J91, 1) -> 1051 | H40: =MEDIAN(VNH!J62:J91) -> 1053 | I40: =_xlfn.QUARTILE.INC(VNH!J62:J91, 3) -> 1055 | J40: =MAX(VNH!J62:J91) -> 1059 | M40: VNH | N40: UF250 | O40: =AVERAGE(VNH!I62:I91) -> 2072161.8 | P40: =_xlfn.STDEV.P(VNH!I62:I91) -> 673237.34 | Q40: =MIN(VNH!I62:I91) -> 1010964 | R40: =_xlfn.QUARTILE.INC(VNH!I62:I91, 1) -> 1435705.8 | S40: =MEDIAN(VNH!I62:I91) -> 2120144 | T40: =_xlfn.QUARTILE.INC(VNH!I62:I91, 3) -> 2684909.5 | U40: =MAX(VNH!I62:I91) -> 3260976
B42: VARIABLE NEIGHBOURHOOD HILLCLIMBING | M42: VARIABLE NEIGHBOURHOOD HILLCLIMBING
B43: Algorithm | C43: CNF_FILE | D43: Average Fitness (30 Runs) | E43: Standard Deviation | F43: Minimum | G43: Q1 Quartile | H43: Median | I43: Q3 Quartile | J43: Maximum | M43: Algorithm | N43: CNF_FILE | O43: Average Fitness (30 Runs) | P43: Standard Deviation | Q43: Minimum | R43: Q1 Quartile | S43: Median | T43: Q3 Quartile | U43: Maximum
B44: MS_VNH | C44: UF20 | D44: =AVERAGE(MS_VNH!J2:J31) -> 91 | E44: =_xlfn.STDEV.P(MS_VNH!J2:J31) -> 0 | F44: =MIN(MS_VNH!J2:J31) -> 91 | G44: =_xlfn.QUARTILE.INC(MS_VNH!J2:J31, 1) -> 91 | H44: =MEDIAN(MS_VNH!J2:J31) -> 91 | I44: =_xlfn.QUARTILE.INC(MS_VNH!J2:J31, 3) -> 91 | J44: =MAX(MS_VNH!J2:J31) -> 91 | M44: MS_VNH | N44: UF20 | O44: =AVERAGE(MS_VNH!I2:I31) -> 4232.1 | P44: =_xlfn.STDEV.P(MS_VNH!I2:I31) -> 3830.9313 | Q44: =MIN(MS_VNH!I2:I31) -> 1455 | R44: =_xlfn.QUARTILE.INC(MS_VNH!I2:I31, 1) -> 1706.25 | S44: =MEDIAN(MS_VNH!I2:I31) -> 2909 | T44: =_xlfn.QUARTILE.INC(MS_VNH!I2:I31, 3) -> 5564.5 | U44: =MAX(MS_VNH!I2:I31) -> 21521
B45: MS_VNH | C45: UF100 | D45: =AVERAGE(MS_VNH!J32:J61) -> 426.16667 | E45: =_xlfn.STDEV.P(MS_VNH!J32:J61) -> 1.0027739 | F45: =MIN(MS_VNH!J32:J61) -> 424 | G45: =_xlfn.QUARTILE.INC(MS_VNH!J32:J61, 1) -> 426 | H45: =MEDIAN(MS_VNH!J32:J61) -> 426 | I45: =_xlfn.QUARTILE.INC(MS_VNH!J32:J61, 3) -> 427 | J45: =MAX(MS_VNH!J32:J61) -> 428 | M45: MS_VNH | N45: UF100 | O45: =AVERAGE(MS_VNH!I32:I61) -> 1000000 | P45: =_xlfn.STDEV.P(MS_VNH!I32:I61) -> 0 | Q45: =MIN(MS_VNH!I32:I61) -> 1000000 | R45: =_xlfn.QUARTILE.INC(MS_VNH!I32:I61, 1) -> 1000000 | S45: =MEDIAN(MS_VNH!I32:I61) -> 1000000 | T45: =_xlfn.QUARTILE.INC(MS_VNH!I32:I61, 3) -> 1000000 | U45: =MAX(MS_VNH!I32:I61) -> 1000000
B46: MS_VNH | C46: UF250 | D46: =AVERAGE(MS_VNH!J62:J91) -> 1052.1333 | E46: =_xlfn.STDEV.P(MS_VNH!J62:J91) -> 2.7170245 | F46: =MIN(MS_VNH!J62:J91) -> 1047 | G46: =_xlfn.QUARTILE.INC(MS_VNH!J62:J91, 1) -> 1051 | H46: =MEDIAN(MS_VNH!J62:J91) -> 1052 | I46: =_xlfn.QUARTILE.INC(MS_VNH!J62:J91, 3) -> 1054 | J46: =MAX(MS_VNH!J62:J91) -> 1059 | M46: MS_VNH | N46: UF250 | O46: =AVERAGE(MS_VNH!I62:I91) -> 1000000 | P46: =_xlfn.STDEV.P(MS_VNH!I62:I91) -> 0 | Q46: =MIN(MS_VNH!I62:I91) -> 1000000 | R46: =_xlfn.QUARTILE.INC(MS_VNH!I62:I91, 1) -> 1000000 | S46: =MEDIAN(MS_VNH!I62:I91) -> 1000000 | T46: =_xlfn.QUARTILE.INC(MS_VNH!I62:I91, 3) -> 1000000 | U46: =MAX(MS_VNH!I62:I91) -> 1000000
